일자,시가,고가,저가,종가,거래량,금액(백만),신용비,개인,기관,외인(수량),외국계,프로그램,외인비
2020-09-15,"60,900","61,000","60,500","61,000","17,877,075","1,086,698",0,"-2,370,678","-1,867,006","-368,875","1,761,884","-176,837",56.01
2020-09-14,"60,200","60,800","59,900","60,400","20,648,281","1,245,768",0.1,"-2,646,580","1,491,903","1,498,673","1,687,999","-1,155,085",56.01
2020-09-11,"59,300","59,400","58,200","59,000","16,017,098","942,686",0.1,"1,524,288","-1,081,621","-535,505","-510,631","-1,235,137",55.99
2020-09-10,"59,900","60,000","59,100","59,200","29,923,293","1,781,328",0.1,"-4,008,484","-1,455,578","5,669,115","5,322,594","-2,495,382",56
2020-09-09,"58,200","59,300","57,800","58,400","30,597,399","1,791,534",0.1,"-2,711,406","320,935","2,298,753","3,124,224","-2,283,089",55.9
2020-09-08,"57,400","58,700","57,200","58,700","31,517,520","1,832,706",0.1,"-7,315,520","2,888,255","4,487,201","4,150,265","432,810",55.86
2020-09-07,"56,100","57,300","55,800","56,500","18,685,880","1,056,350",0.09,"898,502","-897,885","-39,509","55,274","-689,447",55.79
2020-09-04,"55,200","55,800","55,100","55,600","22,139,109","1,228,387",0.1,"4,414,025","-2,508,980","-2,132,810","-2,442,523","-3,695,100",55.79
2020-09-03,"55,600","56,700","55,500","56,400","28,384,920","1,598,060",0.1,"-4,762,912","265,036","3,999,421","2,733,267","67,671",55.82
2020-09-02,"54,600","55,100","54,100","54,400","16,905,723","922,056",0.1,"1,086,555","59,529","-781,732","-776,476","-754,462",55.76
2020-09-01,"54,100","54,800","54,100","54,200","19,363,117","1,052,420",0.09,"2,375,095","-952,340","-1,437,952","-1,017,624","-1,518,532",55.77
2020-08-31,"56,000","56,100","54,000","54,000","32,671,367","1,786,246",0.09,"10,136,330","-509,866","-10,747,691","-10,417,810","-5,456,279",55.79
2020-08-28,"56,100","56,300","55,400","55,400","14,619,888","815,588",0.09,"2,334,678","428,036","-2,692,148","-2,882,443","-2,537,813",55.97
2020-08-27,"56,300","56,300","55,600","55,600","16,196,568","903,861",0.09,"2,873,281","-2,848,392","75,986","-926,949","-750,252",56.02
2020-08-26,"56,400","56,500","55,700","56,400","17,651,593","989,962",0.09,"2,008,624","-3,231,228","2,399,328","95,406","1,322,177",56.02
2020-08-25,"56,400","56,800","56,100","56,400","14,021,705","790,968",0.09,"772,245","-1,178,636","104,977","94,780","-273,748",55.98
2020-08-24,"55,800","56,600","55,400","56,100","15,055,896","843,922",0.09,"838,921","-1,193,461","357,083","-366,146","158,128",55.98
2020-08-21,"56,200","56,900","55,800","55,900","21,142,288","1,190,753",0.08,"469,780","-1,567,729","1,685,131","537,390","1,431,318",55.97
2020-08-20,"57,600","57,600","55,300","55,400","30,386,029","1,709,572",0.08,"5,614,154","-5,264,447","-455,133","-511,822","-743,373",55.94
2020-08-19,"59,000","59,200","57,800","57,800","16,930,719","988,996",0.08,"1,290,854","-798,341","-399,689","54,341","-1,199,135",55.95
2020-08-18,"58,900","59,900","58,000","58,400","25,307,825","1,490,617",0.09,"-4,780,113","3,604,406","3,039,319","1,655,817","1,844,748",55.96
2020-08-14,"58,000","58,400","57,700","58,000","15,672,548","909,053",0.09,"883,493","640,158","-1,313,987","-779,882","-987,968",55.9
2020-08-13,"59,400","59,600","58,000","58,700","22,089,460","1,300,660",0.09,"1,066,850","225,932","-1,236,085","-1,293,753","-460,966",55.93
2020-08-12,"58,200","59,000","57,700","59,000","18,573,934","1,083,108",0.09,"-298,043","-52,490","113,723","10,021","-48,633",55.95
2020-08-11,"58,000","59,500","57,800","58,200","24,907,912","1,462,107",0.09,"-2,031,509","918,477","556,625","-103,047","-737,525",55.95
2020-08-10,"57,600","58,300","57,500","57,800","17,774,291","1,029,080",0.09,"862,823","-628,631","-6,431","-66,433","-719,237",55.94
2020-08-07,"57,900","58,400","57,100","57,500","18,751,717","1,081,791",0.09,"1,962,387","-3,358,271","1,653,994","86,745","-2,132,406",55.94
2020-08-06,"57,100","58,400","57,100","58,000","21,625,874","1,250,814",0.09,"-756,683","147,756","723,145","739,132","-192,120",55.91
2020-08-05,"57,300","57,500","56,300","56,900","17,739,706","1,007,827",0.08,"4,423,428","-2,880,624","-1,198,905","-1,525,614","-1,500,531",55.9
2020-08-04,"57,200","58,100","57,000","57,300","19,419,694","1,115,746",0.07,"1,543,639","-622,191","-1,117,830","-437,395","-2,764,121",55.92
2020-08-03,"57,800","57,900","56,700","56,800","21,158,940","1,209,657",0.07,"4,696,704","-1,592,111","-3,374,437","-2,570,598","-2,602,624",55.94
2020-07-31,"59,500","59,600","57,700","57,900","21,943,345","1,282,932",0.08,"3,380,020","-2,185,878","-1,210,742","-678,651","-3,000,203",55.99
2020-07-30,"59,700","60,100","59,000","59,000","19,285,354","1,147,804",0.08,"-448,138","-1,028,015","1,813,114","1,635,997","-166,848",56.01
2020-07-29,"60,300","60,400","58,600","59,000","36,476,611","2,169,959",0.09,"-3,223,262","-1,453,164","4,871,113","3,269,884","-1,350,312",55.98
2020-07-28,"57,000","58,800","56,400","58,600","48,431,566","2,803,148",0.09,"-15,527,280","214,491","16,523,775","13,407,961","4,380,719",55.9
2020-07-27,"54,300","55,700","54,300","55,600","21,054,421","1,165,207",0.09,"-8,651,830","1,564,238","7,176,045","5,840,320","2,686,670",55.62
2020-07-24,"54,000","54,400","53,700","54,200","10,994,535","594,538",0.09,"-197,573","-1,060,195","2,493,617","1,025,775","-358,753",55.5
2020-07-23,"54,700","54,700","53,800","54,100","16,214,932","876,160",0.09,"3,933,955","-2,749,215","-1,164,052","-1,659,962","-286,420",55.46
2020-07-22,"55,300","55,500","54,700","54,700","12,885,057","708,749",0.09,"1,170,121","-911,194","-194,786","-130,011","-828,382",55.48
2020-07-21,"55,200","55,400","54,800","55,300","18,297,260","1,009,863",0.09,"-6,856,494","1,532,617","5,708,295","5,057,565","1,437,467",55.48
2020-07-20,"54,800","54,800","54,000","54,200","10,507,530","571,387",0.09,"-118,160","-1,177,682","1,070,738","251,718","-656,335",55.39
2020-07-17,"54,200","54,700","54,100","54,400","10,096,174","549,371",0.09,"-1,612,377","361,430","1,610,456","1,037,791","-145,872",55.37
2020-07-16,"54,800","54,800","53,800","53,800","16,779,127","909,095",0.11,"805,698","41,031","-983,347","-1,322,064","13,313",55.34
2020-07-15,"54,400","55,000","54,300","54,700","24,051,450","1,317,316",0.11,"-7,176,548","2,163,330","5,480,566","5,453,466","408,064",55.36
2020-07-14,"53,700","53,800","53,200","53,800","14,269,484","763,627",0.11,"-696,831","-1,611,705","2,212,167","1,164,077","283,884",55.27
2020-07-13,"53,300","53,800","53,100","53,400","12,240,188","654,722",0.11,"-2,200,600","1,102,235","1,381,242","1,152,340","1,374,210",55.23
2020-07-10,"53,100","53,200","52,300","52,700","13,714,746","722,450",0.11,"2,116,925","-3,596,592","2,344,159","1,286,149","1,090,592",55.21
2020-07-09,"53,200","53,600","52,800","52,800","17,054,850","906,943",0.11,"756,078","-2,283,249","1,509,282","1,864,545","-225,137",55.17
2020-07-08,"53,600","53,900","52,900","53,000","19,664,652","1,049,005",0.1,"1,604,084","-1,497,777","810,622","-524,360","-2,154,153",55.14
2020-07-07,"55,800","55,900","53,400","53,400","30,760,032","1,672,754",0.1,"4,880,893","-4,064,374","-544,573","-227,894","-1,720,862",55.13
2020-07-06,"54,000","55,000","53,800","55,000","19,856,623","1,084,004",0.1,"-5,764,960","4,362,954","1,634,620","1,135,872","847,223",55.14
2020-07-03,"53,000","53,600","52,700","53,600","11,887,868","633,333",0.1,"-2,609,515","991,665","1,537,492","1,615,775","1,135,592",55.11
2020-07-02,"52,100","52,900","52,100","52,900","14,142,583","742,668",0.1,"558,538","-470,182","576,995","-948,601","861,247",55.09
2020-07-01,"53,400","53,600","52,400","52,600","16,706,143","884,145",0.11,"1,251,231","427,136","4,616,555","-931,751","579,607",55.08
2020-06-30,"53,900","53,900","52,800","52,800","21,157,172","1,129,431",0.1,"-2,873,773","1,240,703","1,673,651","1,338,266","-1,724,034",55
2020-06-29,"52,500","53,200","52,000","52,400","17,776,925","934,880",0.11,"1,507,434","-884,248","-916,511","-709,807","-1,622,307",54.97
2020-06-26,"52,800","53,900","52,200","53,300","21,575,360","1,146,336",0.11,"-3,726,666","1,444,962","1,327,426","1,322,390","-597,528",54.99
2020-06-25,"52,100","53,000","51,900","51,900","18,541,624","970,495",0.11,"2,015,758","-3,830,158","-4,458,337","1,060,335","-2,476,213",54.96
2020-06-24,"51,900","53,900","51,600","52,900","24,519,552","1,301,306",0.11,"-4,436,055","1,274,576","-1,339,513","2,412,601","1,207,752",55.04
2020-06-23,"52,500","52,800","51,100","51,400","18,086,152","937,055",0.11,"2,145,641","-1,560,716","-517,586","-436,674","-621,539",55.06
2020-06-22,"52,000","52,600","51,800","52,000","13,801,350","720,718",0.11,"1,242,536","3,638","-1,147,335","-1,125,950","-1,587,978",55.07
2020-06-19,"52,600","52,900","51,600","52,900","18,157,985","950,404",0.11,"-1,467,067","-517,686","1,878,577","2,064,565","-961,798",55.09
2020-06-18,"52,200","52,300","51,600","52,300","15,982,926","830,793",0.11,"194,257","-409,485","349,113","1,054,929","720,604",55.06
2020-06-17,"52,100","52,900","51,300","52,200","26,672,595","1,390,772",0.11,"-1,708,595","-151,661","1,467,817","758,371","604,355",55.05
2020-06-16,"51,200","52,100","50,600","52,100","21,808,375","1,124,879",0.11,"-1,044,949","3,110,321","-948,110","-2,062,768","-1,187,140",55.03
2020-06-15,"51,400","52,000","49,900","49,900","28,772,921","1,468,000",0.11,"5,371,193","-3,866,544","-816,100","-2,407,797","-2,263,049",55.04
2020-06-12,"52,100","52,800","51,500","52,300","26,976,019","1,410,311",0.1,"2,589,253","-1,817,006","-305,656","-1,747,827","-1,051,883",55.06
2020-06-11,"54,500","55,100","53,200","54,300","33,815,123","1,832,274",0.1,"8,209,914","-6,695,404","-1,801,271","-1,880,521","-5,281,671",55.06
2020-06-10,"55,100","55,900","54,900","55,400","16,742,493","927,393",0.1,"-855,011","1,089,492","-889,734","-1,263,242","-296,495",55.09
2020-06-09,"55,800","56,500","54,400","55,500","23,998,831","1,326,558",0.08,"1,638,913","-2,723,503","423,013","-9,148","-332,436",55.11
2020-06-08,"56,400","56,500","54,700","54,900","25,634,965","1,418,831",0.08,"2,899,066","-1,145,041","-1,594,066","-1,418,501","-2,991,254",55.1
2020-06-05,"54,400","55,900","54,000","55,500","22,743,629","1,254,430",0.1,"-2,578,073","2,748,553","-4,210","-121,455","-904,097",55.13
2020-06-04,"55,800","57,000","54,600","54,600","40,220,334","2,236,420",0.1,"-3,183,029","1,608,999","-30,107","-236,601","1,393,152",55.13
2020-06-03,"51,800","55,000","51,700","54,500","49,257,814","2,655,435",0.1,"-12,488,024","9,562,698","3,558,911","1,888,048","2,813,480",55.13
2020-06-02,"51,000","51,500","50,800","51,400","14,247,933","730,124",0.1,"-607,793","901,384","-452,878","-104,525","-325,032",55.07
2020-06-01,"50,800","51,200","50,600","51,200","16,949,183","864,647",0.1,"-1,843,451","2,097,711","546,108","19,746","-248,131",55.08
2020-05-29,"50,000","50,700","49,700","50,700","27,596,961","1,390,446",0.1,"-1,881,279","-1,892,811","3,880,973","3,818,180","2,354,529",55.07
2020-05-28,"51,100","51,200","49,900","50,400","31,309,318","1,585,346",0.1,"-5,109,443","2,771,160","2,317,780","1,597,830","-54,913",55
2020-05-27,"48,950","50,000","48,800","49,900","19,548,479","969,952",0.11,"-3,427,868","124,198","2,999,597","2,048,314","173,870",54.96
2020-05-26,"48,700","49,450","48,600","49,250","15,127,490","742,844",0.11,"-798,650","1,661,696","-2,297,280","-1,109,597","-1,234,367",54.91
2020-05-25,"48,750","48,900","48,450","48,850","14,337,913","698,563",0.1,"2,061,219","223,787","-2,157,841","-1,177,826","-1,041,474",54.95
2020-05-22,"49,600","49,800","48,600","48,750","19,706,284","965,730",0.1,"6,762,725","-2,867,180","-3,647,938","-3,310,859","-2,567,718",54.99
2020-05-21,"50,300","50,400","49,850","49,950","14,949,266","748,343",0.1,"456,629","-2,354,362","2,041,778","1,268,885","744,074",55.05
2020-05-20,"50,000","50,200","49,800","50,000","14,896,899","744,470",0.11,"-114,028","-135,032","563,799","479,710","-1,664,939",55.01
2020-05-19,"50,100","50,500","49,700","50,300","25,168,295","1,261,318",0.11,"-7,083,909","5,221,214","2,306,439","1,746,813","-912,847",55
2020-05-18,"47,950","49,100","47,600","48,800","20,481,981","995,409",0.11,"-3,218,787","1,776,147","-625,057","784,437","-568,070",54.97
2020-05-15,"48,400","48,450","47,700","47,850","18,463,118","887,550",0.11,"239,424","1,837,854","-2,114,134","-1,547,385","-3,143,410",54.98
2020-05-14,"47,750","48,100","47,650","48,000","19,305,974","924,044",0.11,"2,639,169","-1,274,757","-1,374,908","-1,123,485","246,489",55.01
2020-05-13,"47,250","48,550","47,200","48,550","20,223,277","966,406",0.11,"840,621","-499,195","253,744","-1,474,272","2,679,696",55.03
2020-05-12,"48,400","48,500","47,550","47,900","23,433,590","1,122,420",0.11,"5,230,629","-3,274,163","530,085","-2,479,905","-1,177,938",55.03
2020-05-11,"48,900","49,250","48,300","48,400","16,357,743","797,524",0.11,"2,923,160","-1,688,512","-1,361,851","-543,400","-1,460,182",55.02
2020-05-08,"49,100","49,350","48,800","48,800","15,319,700","752,271",0.1,"977,701","1,042,243","-1,429,495","-2,747,420","-563,217",55.04
2020-05-07,"49,200","49,300","48,700","48,800","13,884,411","679,669",0.1,"1,301,017","101,232","-998,727","-1,911,680","-1,348,658",55.07
2020-05-06,"49,000","49,200","48,500","49,200","18,070,225","882,454",0.09,"682,694","999,598","-1,568,700","-2,973,484","-2,317,379",55.08
2020-05-04,"48,900","49,100","48,500","48,500","26,083,749","1,270,817",0.09,"10,451,687","-5,100,257","-8,082,678","-6,392,912","-7,037,541",55.11
2020-04-29,"49,900","50,500","49,600","50,000","15,604,533","780,706",0.09,"-504,706","389,165","1,097,242","150,041","343,987",55.25
2020-04-28,"49,850","50,100","49,300","50,100","16,095,399","800,261",0.09,"234,061","-918,536","-75,891","258,226","-474,783",55.23
2020-04-27,"49,350","50,000","49,100","49,850","14,049,471","697,231",0.09,"-1,901,638","2,250,026","2,163,791","-240,467","-505,129",55.23
2020-04-24,"49,650","49,750","49,000","49,350","15,618,347","771,212",0.1,"1,948,150","-2,717,826","-1,765,242","575,524","-2,514,562",55.19
2020-04-23,"50,200","50,300","49,500","49,850","18,754,442","936,174",0.09,"226,281","704,438","-150,098","-755,924","-2,204,228",55.22
2020-04-22,"48,700","50,000","48,350","49,850","18,613,864","912,223",0.09,"1,842,913","-2,563,503","1,541,282","351,733","-1,629,266",55.23
2020-04-21,"49,400","49,700","48,700","49,250","27,407,543","1,347,415",0.09,"5,347,373","-1,675,809","-1,784,618","-4,099,064","-4,969,958",55.2
2020-04-20,"51,400","51,400","50,000","50,100","21,866,354","1,106,552",0.1,"4,737,408","-3,573,780","1,926,720","-1,160,293","-3,603,570",55.23
2020-04-17,"50,800","52,000","50,300","51,400","32,041,675","1,641,068",0.09,"-7,628,101","2,323,777","6,268,683","2,921,941","2,387,186",55.2
2020-04-16,"49,350","49,350","48,550","49,000","23,349,760","1,143,760",0.1,"532,957","322,641","2,432,706","-1,245,333","-1,353,178",55.09
2020-04-14,"48,800","49,200","48,300","49,000","14,206,216","694,513",0.1,"-3,278,305","2,641,367","-976,141","306,519","353,938",55.05
2020-04-13,"48,650","48,900","48,300","48,300","14,431,800","700,511",0.1,"3,251,288","-2,927,673","-1,170,776","-175,214","-1,304,349",55.07
2020-04-10,"48,950","49,250","48,650","49,250","17,839,111","872,177",0.09,"1,781,657","-2,431,095","680,011","679,516","-1,418,322",55.09
2020-04-09,"49,750","49,800","48,700","49,100","22,628,058","1,111,936",0.09,"1,133,154","-1,336,475","38,449","-179,679","-2,343,035",55.08
2020-04-08,"49,600","49,750","48,600","48,600","25,010,314","1,230,375",0.1,"2,242,954","-2,911,519","2,416,062","1,951,333","-1,842,935",55.08
2020-04-07,"49,650","50,200","49,000","49,600","31,524,034","1,561,333",0.1,"-1,994,012","1,106,192","1,416,356","556,431","-1,020,990",55.03
2020-04-06,"47,500","48,800","47,250","48,700","23,395,726","1,123,254",0.11,"-6,939,367","5,980,825","250,515","-247,378","138,385",55.01
2020-04-03,"47,400","47,600","46,550","47,000","22,784,682","1,074,180",0.1,"589,711","-587,916","1,038,302","1,115,763","-1,468,100",55.01
2020-04-02,"46,200","46,850","45,350","46,800","21,621,076","997,831",0.1,"819,421","1,345,934","-169,320","-1,349,312","-1,116,491",54.99
2020-04-01,"47,450","47,900","45,800","45,800","27,259,532","1,282,483",0.1,"7,031,092","-4,655,042","4,123,651","-446,401","-5,717,082",54.99
2020-03-31,"48,000","48,500","47,150","47,750","30,654,261","1,467,323",0.1,"3,067,824","-3,001,427","1,474,394","-1,459,287","-1,548,299",54.92
2020-03-30,"47,050","48,350","46,550","47,850","26,797,395","1,268,119",0.1,"1,030,735","-18,826","-1,951,586","-303,457","-984,493",54.9
2020-03-27,"49,600","49,700","46,850","48,300","39,896,178","1,931,406",0.1,"1,518,756","966,564","-12,991,449","-2,513,393","-3,824,407",54.93
2020-03-26,"49,000","49,300","47,700","47,800","42,185,129","2,044,314",0.1,"3,083,701","-3,707,948","-2,574,048","544,186","-2,702,780",55.15
2020-03-25,"48,950","49,600","47,150","48,650","52,735,922","2,552,010",0.1,"4,980,190","-1,695,448","-6,584,958","-1,559,635","-3,379,421",55.19
2020-03-24,"43,850","46,950","43,050","46,950","49,801,908","2,254,620",0.1,"-6,174,614","3,254,324","3,722,240","2,365,946","1,429,364",55.3
2020-03-23,"42,600","43,550","42,400","42,500","41,701,626","1,789,672",0.1,"10,988,297","-3,248,991","-7,828,052","-7,291,145","-4,904,867",55.24
2020-03-20,"44,150","45,500","43,550","45,400","49,730,008","2,221,272",0.11,"3,248,749","1,669,124","-2,466,714","-6,476,969","-4,275,458",55.37
2020-03-19,"46,400","46,650","42,300","42,950","56,925,513","2,502,939",0.12,"4,105,594","1,612,440","-3,193,447","-5,622,770","-3,051,990",55.41
2020-03-18,"47,750","48,350","45,600","45,600","40,152,623","1,896,703",0.11,"6,418,923","-5,663,938","-545,826","-459,216","-3,842,225",55.47
2020-03-17,"46,900","49,650","46,700","47,300","51,218,151","2,453,542",0.11,"8,712,684","2,488,584","-11,026,963","-9,141,867","-7,590,844",55.47
2020-03-16,"50,100","50,900","48,800","48,900","33,339,821","1,657,129",0.1,"7,252,206","-3,277,723","1,166,409","-4,503,035","-8,173",55.66
2020-03-13,"47,450","51,600","46,850","49,950","59,462,933","2,902,883",0.1,"7,471,123","4,036,953","-10,654,316","-10,959,241","-6,252,161",55.64
2020-03-12,"51,000","51,900","49,300","50,800","48,149,999","2,436,966",0.09,"5,437,858","3,490,945","-9,157,928","-8,041,106","-2,943,399",55.82
2020-03-11,"54,300","54,400","52,000","52,100","45,707,281","2,425,786",0.08,"12,724,913","-2,842,894","-10,183,213","-6,294,345","-4,599,340",55.97
2020-03-10,"53,800","54,900","53,700","54,600","32,106,554","1,744,478",0.07,"2,174,718","3,891,630","-6,693,686","-3,927,451","-2,342,001",56.14
2020-03-09,"54,700","55,000","53,600","54,200","30,261,485","1,642,721",0.07,"9,795,988","-148,308","-10,000,508","-7,165,182","-4,619,113",56.25
2020-03-06,"56,500","57,200","56,200","56,500","18,716,656","1,058,858",0.07,"3,650,220","-993,225","-2,750,776","-1,534,720","-573,095",56.42
2020-03-05,"57,600","58,000","56,700","57,800","21,698,990","1,245,379",0.06,"3,017,154","-851,793","-2,638,853","-1,690,549","-284,393",56.47
2020-03-04,"54,800","57,600","54,600","57,400","24,765,728","1,405,495",0.06,"-2,076,201","-1,047,440","2,568,190","2,994,607","3,530,827",56.51
2020-03-03,"56,700","56,900","55,100","55,400","30,330,295","1,702,259",0.06,"4,090,083","-1,698,368","-2,358,282","1,758,750","984,587",56.47
2020-03-02,"54,300","55,500","53,600","55,000","30,403,412","1,665,342",0.06,"4,709,773","2,215,716","-6,539,269","-6,547,505","-1,658,516",56.51
2020-02-28,"55,000","55,500","54,200","54,200","30,054,227","1,642,135",0.06,"2,345,834","2,825,029","-6,322,340","-3,844,685","-3,444,096",56.62
2020-02-27,"56,300","56,900","55,500","55,900","23,209,541","1,301,501",0.05,"2,982,368","-110,165","-3,504,787","-2,277,332","-634,385",56.72
2020-02-26,"56,000","57,000","56,000","56,500","25,483,102","1,440,950",0.05,"6,380,747","505,796","-8,168,418","-4,641,893","-3,897,888",56.78
2020-02-25,"56,200","58,000","56,200","57,900","23,885,408","1,368,868",0.04,"3,396,681","1,389,642","-4,464,480","-3,902,854","-2,259,045",56.92
2020-02-24,"57,400","58,100","56,800","56,800","25,627,537","1,470,408",0.04,"6,775,137","2,612,960","-8,405,435","-8,496,759","-2,683,505",56.99
2020-02-21,"58,800","59,800","58,500","59,200","13,777,393","817,159",0.04,"1,638,065","-2,388,943","1,328,553","759,920","318,338",57.14
2020-02-20,"60,700","61,300","59,600","60,000","14,591,924","880,829",0.04,"514,660","-389,665","136,212","699,778","-635,041",57.11
2020-02-19,"59,800","60,400","59,400","60,200","12,951,496","775,715",0.04,"1,157,486","697,276","-2,015,316","-926,294","209,278",57.11
2020-02-18,"60,800","60,900","59,700","59,800","16,674,266","1,004,070",0.04,"6,264,601","-2,458,387","-1,820,789","-3,044,218","-640,623",57.14
2020-02-17,"61,600","62,000","61,200","61,500","8,740,596","538,521",0.04,"726,781","471,048","-875,260","-1,172,569","-109,501",57.18
2020-02-14,"60,900","61,900","60,200","61,800","13,276,067","814,138",0.04,"-2,613,398","699,682","1,590,727","952,687","950,029",57.19
2020-02-13,"61,200","61,600","60,500","60,700","18,449,775","1,127,649",0.04,"-2,007,797","-1,916,497","5,171,708","3,042,094","1,806,012",57.16
2020-02-12,"60,300","60,700","59,700","60,500","12,904,207","776,553",0.04,"-497,602","1,516,828","602,028","-1,589,360","921,792",57.08
2020-02-11,"59,800","60,700","59,700","59,900","11,071,231","665,611",0.04,"-230,864","1,889,247","-1,872,070","-1,879,364","-118,067",57.07
2020-02-10,"59,200","59,800","59,100","59,700","13,107,121","779,717",0.04,"1,879,979","-263,054","-2,482,626","-1,798,635","402,277",57.1
2020-02-07,"61,100","61,200","59,700","60,400","16,402,493","989,081",0.04,"1,783,202","-2,436,611","17,475","740,730","-1,683,357",57.14
2020-02-06,"60,100","61,100","59,700","61,100","14,727,159","889,352",0.04,"-3,350,671","2,483,655","1,248,772","173,111","1,214,190",57.14
2020-02-05,"60,000","60,200","58,900","59,500","19,278,165","1,147,948",0.04,"354,825","-4,459,274","4,110,151","4,081,833","929,042",57.12
2020-02-04,"57,100","59,000","56,800","58,900","21,800,192","1,271,098",0.04,"97,644","-3,797,514","-4,697,320","1,215,371","918,872",57.05
2020-02-03,"55,500","57,400","55,200","57,200","23,995,260","1,354,043",0.04,"535,820","1,076,953","-3,914,640","-536,220","690,801",57.13
2020-01-31,"57,800","58,400","56,400","56,400","19,749,457","1,132,895",0.04,"2,215,461","1,648,681","-3,823,250","-3,353,031","-1,575,262",57.19
2020-01-30,"58,800","58,800","56,800","57,200","20,821,939","1,202,915",0.04,"5,472,474","-2,262,500","6,097,239","-2,986,655","-2,642,221",57.26
2020-01-29,"59,100","59,700","58,800","59,100","16,446,102","975,344",0.03,"1,974,250","-2,537,821","3,952,135","53,576","-1,007,128",57.16
2020-01-28,"59,400","59,400","58,300","58,800","23,664,541","1,394,362",0.03,"4,134,073","1,057,597","-4,722,490","-2,504,783","-2,753,882",57.09
2020-01-23,"61,800","61,800","60,700","60,800","14,916,555","912,319",0.02,"4,031,573","-1,906,336","-1,494,309","-1,628,552","-1,068,281",57.17
2020-01-22,"60,500","62,600","60,400","62,300","15,339,565","943,882",0.02,"-1,731,848","1,649,008","738,567","345,925","122,947",57.19
2020-01-21,"62,000","62,400","61,200","61,400","11,142,693","686,991",0.02,"2,003,871","-1,255,045","1,418,909","-734,403","217,876",57.18
2020-01-20,"62,000","62,800","61,700","62,400","12,528,855","781,048",0.02,"-88,665","222,082","630,262","-198,078","551,708",57.16
2020-01-17,"61,900","62,000","61,000","61,300","16,025,661","984,567",0.02,"164,249","-1,267,549","1,421,107","1,578,265","207,656",57.15
2020-01-16,"59,100","60,700","59,000","60,700","14,381,774","862,500",0.02,"-473,041","-676,031","1,203,365","2,221,144","1,790,958",57.12
2020-01-15,"59,500","59,600","58,900","59,000","14,300,928","846,498",0.03,"2,663,405","244,147","-1,153,929","-1,751,131","-220,772",57.1
2020-01-14,"60,400","61,000","59,900","60,000","16,906,295","1,021,498",0.03,"996,924","-1,666,086","299,664","201,210",74,57.12
2020-01-13,"59,600","60,000","59,100","60,000","11,359,139","677,776",0.03,"79,282","-1,512,823","2,176,861","842,329","169,313",57.12
2020-01-10,"58,800","59,700","58,300","59,500","16,000,170","945,371",0.03,"1,338,888","-2,954,194","1,468,097","1,930,815","964,831",57.08
2020-01-09,"58,400","58,600","57,400","58,600","24,102,579","1,402,997",0.03,"-1,239,050","-2,302,970","4,170,511","2,181,011","3,377,084",57.06
2020-01-08,"56,200","57,400","55,900","56,800","23,501,171","1,330,939",0.03,"-4,130,647","73,413","5,349,372","5,741,658","946,924",56.99
2020-01-07,"55,700","56,400","55,600","55,800","10,009,778","560,227",0.03,"-10,139","51,896","656,654","-376,824","781,304",56.9
2020-01-06,"54,900","55,600","54,600","55,500","10,278,951","567,462",0.03,"418,722","-1,199,654","1,845,368","580,535","1,408,378",56.89
2020-01-03,"56,000","56,600","54,900","55,500","15,422,255","860,207",0.03,"1,199,681","-2,228,329","1,643,317","1,314,132","988,735",56.85
2020-01-02,"55,500","56,000","55,000","55,200","12,993,228","719,663",0.03,"2,756,657","-2,354,766","944,619","-17,899","-2,691,795",56.83
2019-12-30,"56,200","56,600","55,700","55,800","8,356,767","467,930",0.02,"1,263,838","1,863,761","-3,149,823","-2,296,241","-2,352,903",56.81
2019-12-27,"55,700","56,900","55,500","56,500","12,313,056","692,415",0.02,"538,862","596,470","-1,806,584","-430,464","-108,240",56.86
2019-12-26,"54,700","55,400","54,400","55,400","9,645,034","530,105",0.02,"-2,061,870","2,955,575","-7,060,091","-1,126,207","1,036,187",56.89
2019-12-24,"55,600","55,700","54,800","55,000","11,868,463","655,144",0.02,"-298,842","1,390,595","-3,354,220","-684,873","18,562",57.01
2019-12-23,"56,100","56,400","55,100","55,500","9,839,252","546,623",0.02,"-815,053","1,045,950","-3,695,030","-72,897","329,329",57.07
2019-12-20,"56,100","56,500","55,600","56,000","12,095,519","677,521",0.03,"-368,611","-140,870","-1,228,363","808,245","-85,568",57.13
2019-12-19,"57,000","57,300","55,500","56,000","14,180,520","799,291",0.03,"-476,069","-1,060,547","443,347","1,733,147","-272,462",57.15
2019-12-18,"56,700","57,200","56,000","56,300","15,558,208","878,486",0.03,"-129,799","-1,665,838","1,360,513","558,479","12,860",57.14
2019-12-17,"55,800","56,700","55,400","56,700","19,358,433","1,087,303",0.03,"-5,417,589","-312,676","1,958,067","5,731,812","3,017,767",57.12
2019-12-16,"54,500","54,900","54,300","54,700","11,512,405","630,060",0.03,"-2,187,984","2,348,450","-664,369","-695,399","1,324,285",57.09
2019-12-13,"54,500","54,800","53,900","54,700","18,120,261","987,028",0.03,"-7,078,573","2,462,464","4,446,947","4,300,856","4,178,040",57.1
2019-12-12,"53,000","53,300","52,700","53,300","29,178,697","1,551,714",0.03,"-6,707,860","1,381,791","5,358,986","2,305,510","2,268,763",57.02
2019-12-11,"51,500","52,200","51,400","51,900","11,379,521","589,980",0.03,"-1,228,603","777,723","-293,398","-22,041","1,039,033",56.94
2019-12-10,"51,000","51,600","50,700","51,500","6,882,771","352,660",0.03,"-948,453","824,233","-1,791,756","3,039","909,563",56.94
2019-12-09,"50,900","51,400","50,700","51,200","8,470,627","432,760",0.03,"-845,052","113,143","-1,261,466","953,344","-702,173",56.97
2019-12-06,"50,100","50,900","49,950","50,400","11,414,563","575,970",0.03,"-763,354","1,286,390","-1,390,801","-463,862","1,198,208",56.99
2019-12-05,"50,200","50,400","49,500","49,500","10,449,715","520,067",0.03,"776,271","-414,244","-1,273,510","-221,905","1,983,684",57.01
2019-12-04,"49,600","49,850","49,000","49,450","13,246,549","654,935",0.03,"1,498,635","147,190","-2,708,411","-291,026","1,401,979",57.04
2019-12-03,"49,800","50,300","49,500","49,900","12,059,812","602,055",0.03,"1,684,646","1,706,963","-3,584,074","-1,710,499","-783,933",57.08
2019-12-02,"50,900","51,300","50,400","50,400","18,877,252","944,328",0.02,"435,163","2,406,489","-3,420,489","-2,783,843","9,378",57.14
2019-11-29,"51,200","51,400","50,200","50,300","11,179,334","564,596",0.02,"2,880,336","-293,759","-2,480,482","-2,082,433","-1,545,857",57.2
2019-11-28,"51,900","52,100","51,300","51,300","6,833,885","353,450",0.02,"1,060,978","533,122","-1,897,666","-1,292,508","-574,099",57.24
2019-11-27,"51,800","52,300","51,600","52,200","7,546,261","392,692",0.02,"-242,734","809,775","45,780","-832,004","-49,466",57.27
2019-11-26,"51,900","52,900","51,800","51,800","27,372,226","1,424,278",0.02,"484,545","6,971,446","-7,111,518","-6,590,532","-6,073,789",57.27
2019-11-25,"52,200","52,600","51,700","51,800","9,050,625","472,176",0.02,"176,505","2,435,789","-2,227,803","-1,799,932","-2,043,364",57.39
2019-11-22,"51,000","51,600","50,900","51,600","8,478,310","435,737",0.02,"-158,730","2,037,321","-1,939,279","-2,165,786","-318,488",57.43
2019-11-21,"51,600","52,100","50,600","51,000","14,298,646","729,351",0.02,"996,022","2,168,946","-3,383,515","-3,211,657","-460,813",57.46
2019-11-20,"53,400","53,400","52,000","52,000","12,560,070","659,160",0.01,"2,449,064","221,794","-1,858,659","-2,711,606","-577,103",57.52
2019-11-19,"53,200","53,500","52,700","53,500","8,907,177","473,053",0.01,"401,575","-473,677","416,970","170,507","-473,439",57.55
2019-11-18,"53,600","53,800","53,200","53,500","7,746,554","414,199",0.01,"385,561","698,517","-1,749,262","-248,943","-975,282",57.54
2019-11-15,"52,900","53,700","52,600","53,700","9,703,360","518,315",0.02,"-3,896,926","4,314,078","-97,598","-198,725","429,165",57.57
2019-11-14,"51,900","52,800","51,900","52,800","12,010,018","630,540",0.01,"-161,294","1,515,686","-1,896,982","-1,623,677","289,307",57.57
2019-11-13,"52,500","52,500","52,000","52,500","6,225,196","325,646",0.01,"364,673","-1,138,340","883,950","533,370","-103,919",57.6
2019-11-12,"51,800","52,600","51,600","52,600","6,576,148","342,966",0.01,"-389,952","307,275","-22,936","-229,859","7,982",57.59
2019-11-11,"52,200","52,200","51,400","51,600","8,185,952","423,836",0.01,"542,524","-148,067","-416,149","-416,452","-174,326",57.59
2019-11-08,"53,200","53,300","52,000","52,100","11,603,290","610,282",0.01,"1,162,809","298,325","-2,421,979","-978,992","-862,318",57.6
2019-11-07,"53,400","53,400","52,400","52,900","9,257,116","488,510",0.01,"301,614","218,876","-479,823","-936,095","-561,989",57.64
2019-11-06,"52,900","53,500","52,700","53,300","14,361,133","762,570",0.02,"-1,977,815","-2,225,167","4,098,127","3,380,004","1,002,882",57.64
2019-11-05,"52,400","52,700","52,100","52,700","10,581,034","555,449",0.02,"-1,402,671","-872,188","2,917,965","2,701,499","1,507,700",57.58
2019-11-04,"51,700","52,300","51,400","52,300","13,012,411","677,400",0.03,"-2,906,124","1,908,996","1,151,162","2,975,470","775,248",57.53
2019-11-01,"50,600","51,200","50,400","51,200","8,467,846","422,791",0.03,"-474,468","-961,398","-2,825,966","1,383,510","1,676,073",57.51
2019-10-31,"51,000","51,400","50,300","50,400","10,304,777","525,166",0.02,"-1,065,871","625,812","-411,968","171,312","1,222,433",57.56
2019-10-30,"50,700","50,800","50,200","50,400","8,959,435","452,020",0.02,"543,801","-1,001,770","638,039","-132,217","51,197",57.56
2019-10-29,"51,400","51,700","50,800","51,100","7,581,629","387,755",0.02,"107,674","733,952","1,620,918","-684,596","957,481",57.55
2019-10-28,"50,700","51,500","50,700","51,300","6,431,522","329,526",0.02,"-1,368,119","853,686","2,276,363","584,317","134,775",57.52
2019-10-25,"50,800","51,200","50,500","50,900","7,879,897","400,781",0.01,"-186,409","799,881","-702,706","-162,481","-271,323",57.49
2019-10-24,"52,500","52,500","50,500","50,700","21,185,785","1,077,417",0.01,"371,241","903,966","-934,505","-1,230,650","814,703",57.5
2019-10-23,"51,300","51,500","50,800","51,200","8,663,880","443,385",0.02,"-112,552","-1,144,153","1,363,556","275,901","76,469",57.51
2019-10-22,"50,800","51,500","50,700","51,200","10,898,729","557,128",0.02,"-4,156,830","2,175,308","1,916,441","2,041,934","838,833",57.49
2019-10-21,"49,900","50,400","49,800","50,300","4,406,531","220,999",0.02,"-382,697","449,500","-1,738,323","-166,870","-503,192",57.46
2019-10-18,"50,300","50,900","49,650","49,900","8,483,106","426,948",0.03,"318,724","-1,851,593","-35,590","1,596,297","-100,201",57.49
2019-10-17,"50,500","50,600","50,100","50,500","6,701,380","337,531",0.03,"-355,225","511,280","985,854","-363,947","23,025",57.49
2019-10-16,"50,700","50,900","50,400","50,700","9,136,282","462,746",0.03,"-1,716,930","784,343","909,724","1,203,581","999,955",57.47
2019-10-15,"49,900","50,200","49,900","50,100","6,058,105","303,432",0.03,"-774,645","471,561","-30,536","355,073","-404,372",57.46
2019-10-14,"50,000","50,300","49,850","50,000","11,130,635","557,618",0.03,"-3,303,821","1,673,566","969,812","2,524,330","-1,038,061",57.46
2019-10-11,"49,000","49,450","48,800","49,150","7,783,275","382,774",0.03,"-1,824,511","475,476","1,764,164","1,774,653","1,183,544",57.44
2019-10-10,"48,200","49,200","48,000","48,550","18,639,855","904,488",0.03,"-168,345","-552,280","1,186,696","3,083,612","-400,273",57.41
2019-10-08,"47,900","49,000","47,600","48,900","14,239,367","689,495",0.03,"-1,124,317","1,861,520","-1,051,661","1,492,906","3,216,159",57.39
2019-10-07,"48,350","48,700","47,650","47,750","7,047,273","338,656",0.03,"319,678","464,244","-653,341","-815,752","227,735",57.41
2019-10-04,"47,400","48,650","47,350","48,000","9,331,695","448,302",0.03,"-322,822","568,109","-157,468","-269,017","-311,391",57.42
2019-10-02,"48,350","48,400","47,600","47,600","8,382,463","401,925",0.02,"1,179,885","-1,845,220","1,932,251","431,140","-88,679",57.42
2019-10-01,"48,900","49,100","48,650","48,850","6,206,035","303,326",0.02,"437,578","1,431,272","-1,501,205","-938,587","-1,317,876",57.39
2019-09-30,"48,050","49,250","47,900","49,050","9,497,119","462,640",0.02,"-408,684","-121,214","408,272","-185,636","427,414",57.42
2019-09-27,"48,000","48,700","48,000","48,400","8,048,041","389,082",0.02,"412,299","-1,111,879","-1,074,828","566,396","615,310",57.41
2019-09-26,"49,000","49,250","48,900","49,200","8,494,756","416,997",0.02,"17,795","86,986","-1,896,257","197,787","313,869",57.43
2019-09-25,"49,200","49,350","48,800","48,900","9,187,141","450,711",0.02,"-411,143","1,498,119","-836,264","-946,883","-177,041",57.46
2019-09-24,"49,050","49,650","48,850","49,500","7,871,955","387,800",0.02,"-1,270,318","2,174,363","-1,844,532","-560,578","369,170",57.47
2019-09-23,"49,250","49,300","49,000","49,300","7,568,553","372,223",0.03,"-597,350","540,202","781,047","-272,114","-255,443",57.5
2019-09-20,"49,400","49,600","49,100","49,200","15,460,210","763,187",0.02,"-2,130,469","1,786,314","482,195","965,197","872,790",57.49
2019-09-19,"48,050","49,200","47,850","49,150","16,461,413","803,292",0.02,"-3,399,926","-1,113,536","4,942,762","4,975,212","749,473",57.48
2019-09-18,"46,900","47,700","46,800","47,700","10,413,027","494,000",0.02,"-2,487,625","53,904","2,236,553","3,582,556","688,500",57.4
2019-09-17,"47,000","47,100","46,800","46,900","7,006,280","328,706",0.02,"-201,116","-98,968","399,656","404,006","1,291,449",57.36
2019-09-16,"47,000","47,100","46,400","47,100","15,550,926","728,203",0.02,"-620,689","635,647","-1,323,908","-745,181","1,082,184",57.36
2019-09-11,"47,300","47,400","46,800","47,150","16,141,619","761,317",0.03,"-1,924,943","1,774,160","-764,054","22,141","3,452,772",57.38
2019-09-10,"47,100","47,200","46,550","47,000","9,231,792","433,164",0.02,"-1,761,860","433,307","1,235,768","1,569,118","-563,402",57.39
2019-09-09,"46,450","47,000","46,300","46,900","9,434,157","441,487",0.03,"-1,937,467","-191,743","2,585,200","2,257,498","520,792",57.37
2019-09-06,"46,500","46,500","45,850","46,300","9,896,562","457,524",0.04,"-1,907,332","-67,148","1,544,271","1,412,740","248,771",57.33
2019-09-05,"44,800","46,100","44,450","45,700","18,297,430","832,665",0.04,"-4,359,267","1,764,816","1,763,128","3,549,456","1,820,239",57.3
2019-09-04,"43,250","44,100","43,150","44,100","12,441,837","541,987",0.04,"-105,967","3,876,663","-3,330,992","-3,646,888","-1,142,414",57.27
2019-09-03,"43,550","43,650","43,100","43,250","9,774,941","423,350",0.02,"2,322,888","1,186,819","-4,453,723","-3,947,661","-405,493",57.33
2019-09-02,"44,850","44,850","43,650","43,800","7,185,537","315,991",0.04,"736,262","792,815","71,471","-2,237,469","680,733",57.4
2019-08-30,"43,750","44,300","43,750","44,000","9,899,073","436,337",0.03,"-1,119,383","2,718,144","-2,099,397","-1,581,987","-430,749",57.4
2019-08-29,"44,200","44,200","43,050","43,400","10,768,862","470,572",0.03,"1,229,470","707,796","-2,322,095","-1,543,667","71,420",57.44
2019-08-28,"44,100","44,400","43,750","44,150","5,758,333","254,052",0.03,"-543,186","307,343","142,048","544,996","-7,747",57.47
2019-08-27,"43,650","44,200","43,600","44,050","16,883,932","742,426",0.03,"-1,432,368","2,383,483","-1,248,243","-915,992","-1,187,756",57.47
2019-08-26,"43,050","43,800","42,950","43,600","7,954,949","344,832",0.03,"323,347","709,629","-7,162","132,157","423,220",57.49
2019-08-23,"43,800","44,200","43,650","43,950","5,017,381","220,739",0.03,"-284,975","473,491","-331,644","-342,139","-129,093",57.49
2019-08-22,"44,500","44,700","43,850","44,050","8,061,177","355,619",0.03,"430,418","-525,680","-144,731","44,390","-954,638",57.5
2019-08-21,"44,350","44,800","44,150","44,500","6,571,717","292,349",0.03,"-156,029","689,126","-739,811","-819,399","-461,648",57.5
2019-08-20,"43,950","44,600","43,550","44,450","8,434,205","372,092",0.03,"-653,313","-386,132","-248,657","-10,559","-161,675",57.51
2019-08-19,"44,350","44,350","43,500","43,600","6,014,218","263,401",0.03,"483,849","1,336,296","-2,349,377","-1,400,672","-1,133,461",57.52
2019-08-16,"43,800","43,900","43,300","43,900","9,528,115","416,192",0.03,"-352,536","539,181","-379,058","-553,878","-1,279,136",57.56
2019-08-14,"43,900","44,250","43,500","43,700","8,750,135","383,427",0.03,"-216,414","-252,601","1,031,421","-369,546","-224,795",57.56
2019-08-13,"43,500","43,500","42,950","43,000","7,276,979","314,191",0.03,"1,173,759","1,470,933","-3,071,258","-2,095,897","-1,070,199",57.55
2019-08-12,"44,000","44,000","43,550","43,700","8,466,169","370,531",0.03,"957,809","-812,647","-341,068","278,062","-107,281",57.6
2019-08-09,"43,250","43,350","43,050","43,150","9,685,147","418,719",0.02,"1,714,413","-1,057,668","-656,777","-2,042,578","1,411,002",57.6
2019-08-08,"43,250","43,500","42,650","42,650","16,926,881","728,074",0.02,"3,008,395","-898,852","-2,111,368","-916,352","-1,383,964",57.61
2019-08-07,"43,600","43,900","43,100","43,200","10,002,533","434,500",0.02,"1,169,913","592,639","-1,429,102","-1,289,272","-343,728",57.65
2019-08-06,"42,500","43,800","42,500","43,500","15,083,824","654,805",0.02,"-738,198","6,632,830","-5,092,136","-3,668,931","-3,617,321",57.67
2019-08-05,"44,350","44,600","43,600","43,950","14,214,086","625,946",0.02,"-153,464","4,676,255","-3,395,074","-4,163,996","-229,994",57.76
2019-08-02,"44,550","45,500","44,300","44,950","12,151,374","544,793",0.02,"262,391","1,896,190","-2,094,800","-1,388,735","-296,040",57.82
2019-08-01,"44,900","45,500","44,850","45,200","7,811,181","352,894",0.02,"292,102","653,331","-8,154,632","-1,010,835","-593,552",57.85
2019-07-31,"46,200","46,600","45,000","45,350","12,872,916","587,387",0.02,"608,692","835,389","-1,302,082","-2,152,340","-445,770",57.99
2019-07-30,"46,300","46,850","46,300","46,550","5,551,014","258,641",0.02,"-464,381","-980,043","975,245","1,143,607","693,168",58.01
2019-07-29,"46,800","47,050","46,000","46,100","6,856,846","317,737",0.02,"-210,594","1,613,580","5,537,869","-1,038,262","-318,965",57.99
2019-07-26,"46,650","47,150","46,550","47,150","7,873,886","369,298",0.02,"-576,479","-511,171","1,213,878","748,996","-527,163",57.9
2019-07-25,"47,150","47,200","46,600","47,200","8,408,838","395,533",0.02,"-1,711,677","-1,384,305","2,514,615","2,931,989","2,024,844",57.88
2019-07-24,"47,100","47,150","46,250","46,400","8,756,522","409,321",0.02,"370,516","-1,058,701","788,069","377,310","215,291",57.84
2019-07-23,"47,350","47,550","47,050","47,300","9,061,381","429,349",0.02,"-2,346,894","684,975","1,368,352","488,650","1,490,797",57.82
2019-07-22,"46,800","47,300","46,600","47,200","9,009,109","424,205",0.02,"-2,358,903","-1,589,294","3,934,630","461,745","4,232,574",57.8
2019-07-19,"46,650","46,950","46,600","46,800","8,819,393","412,853",0.02,"-2,560,642","1,739,424","707,484","30,373","1,092,684",57.74
2019-07-18,"46,450","46,450","45,650","46,100","5,143,554","236,878",0.02,"112,688","-1,143,041","933,808","649,776","472,130",57.72
2019-07-17,"46,150","46,350","45,950","46,050","5,216,602","240,498",0.03,"-172,405","44,951","499,329","326,684","-451,647",57.71
2019-07-16,"46,450","46,850","46,300","46,850","7,407,824","345,958",0.03,"-2,115,779","-415,971","2,098,465","2,581,770","372,697",57.7
2019-07-15,"45,950","46,650","45,750","46,450","4,717,226","218,263",0.03,"-802,427","-158,946","1,105,137","821,413",503,57.66
2019-07-12,"46,350","46,400","45,800","46,300","5,245,804","242,359",0.03,"-614,601","-389,436","2,185,766","985,943","-43,270",57.65
2019-07-11,"46,350","46,550","46,150","46,200","10,989,751","509,185",0.04,"-2,158,453","-1,863,773","3,950,098","4,052,710","1,536,035",57.61
2019-07-10,"45,550","46,150","45,500","45,550","9,253,930","424,302",0.04,"-1,092,767","-357,567","6,844,533","1,073,686","361,676",57.54
2019-07-09,"44,850","45,450","44,700","45,100","7,646,421","344,766",0.04,"-1,128,362","-410,339","2,326,814","1,983,409","1,018,294",57.43
2019-07-08,"44,750","44,800","44,350","44,400","7,823,843","348,373",0.04,"-499,962","-167,698","590,150","343,877","-65,043",57.39
2019-07-05,"45,950","45,950","45,250","45,650","7,235,395","329,447",0.04,"-303,709","-228,717","34,284","604,482","-281,570",57.38
2019-07-04,"45,250","46,200","45,250","46,000","6,365,573","291,454",0.04,"-809,419","-536,391","884,652","853,292","1,189,602",57.38
2019-07-03,"45,750","46,350","45,200","45,400","9,669,368","441,065",0.04,"-297,476","180,539","868,729","-598,650","51,461",57.36
2019-07-02,"46,200","46,900","45,850","46,250","8,463,073","393,048",0.04,"-1,078,200","150,976","2,219,049","805,821","378,239",57.35
2019-07-01,"47,350","47,400","46,250","46,600","11,383,522","531,569",0.04,"-1,534,579","-76,250","2,386,472","1,800,198","566,395",57.31
2019-06-28,"47,000","47,000","46,700","47,000","12,949,231","607,215",0.04,"-4,171,907","-1,937,091","7,048,268","5,019,271","1,927,103",57.27
2019-06-27,"46,000","46,600","45,750","46,500","12,603,534","583,889",0.04,"-4,117,748","266,089","2,578,905","3,722,226","693,427",57.15
2019-06-26,"45,800","46,000","45,600","45,700","9,226,097","422,132",0.04,"-921,066","438,540","-2,119,172","-293,063","-488,489",57.11
2019-06-25,"45,200","45,800","45,200","45,600","7,076,774","322,055",0.04,"-652,091","262,689","473,220","632,424","194,810",57.15
2019-06-24,"45,200","45,800","45,200","45,500","6,085,066","276,882",0.05,"-305,502","1,052,742","-1,086,789","-1,453,309","-248,617",57.14
2019-06-21,"45,750","45,800","45,200","45,700","9,454,913","430,711",0.05,"-577,279","-266,729","697,334","2,378,352","-1,326,204",57.16
2019-06-20,"44,850","45,500","44,850","45,500","7,147,785","323,656",0.05,"-892,117","667,690","17,476","565,762","-976,832",57.15
2019-06-19,"45,450","45,450","45,000","45,350","10,417,690","471,408",0.05,"-2,742,080","457,835","2,956,372","2,449,222","1,425,188",57.14
2019-06-18,"43,750","44,500","43,650","44,350","7,994,928","353,712",0.05,"-716,040","37,652","497,351","496,459","-172,632",57.1
2019-06-17,"43,750","44,050","43,400","43,900","11,890,424","521,514",0.05,"33,770","881,893","-1,112,105","-1,301,964","-449,511",57.09
2019-06-14,"43,750","44,150","43,300","44,000","9,322,873","408,763",0.05,"-322,255","-203,691","559,573","252,466","1,667,699",57.11
2019-06-13,"44,200","44,400","43,400","43,750","16,906,541","740,494",0.05,"857,505","-473,234","-250,953","-175,826","904,454",57.1
2019-06-12,"44,800","45,050","44,300","44,600","8,607,439","384,320",0.05,"-221,896","361,666","-136,582","-46,032","1,259,901",57.1
2019-06-11,"44,800","45,000","44,550","44,850","6,664,872","298,796",0.05,"-1,099,557","419,625","572,445","216,391","-106,426",57.1
2019-06-10,"44,300","44,850","44,050","44,800","8,792,182","391,891",0.05,"-2,176,175","1,122,475","595,108","1,327,884","1,638,257",57.09
2019-06-07,"43,600","44,350","43,450","44,200","11,683,682","513,994",0.05,"-1,249,708","627,336","1,735,862","1,277,431","600,423",57.08
2019-06-05,"44,050","44,200","43,700","43,900","12,464,135","548,114",0.05,"-924,648","1,610,751","-1,702,329","336,489","647,820",57.05
2019-06-04,"43,400","43,700","43,000","43,450","9,913,497","429,428",0.06,"535,603","1,720,050","-2,330,695","-1,798,540","-255,054",57.08
2019-06-03,"42,950","43,900","42,500","43,800","15,466,580","673,362",0.06,"-2,018,888","-1,144,420","2,553,495","3,534,581","3,613,950",57.12
2019-05-31,"42,600","42,800","42,150","42,500","11,365,999","483,167",0.06,"221,646","-619,930","-2,505,113","203,771","1,391,977",57.08
2019-05-30,"42,200","42,700","42,150","42,550","11,766,018","499,610",0.05,"-796,168","-786,857","4,093,293","1,436,996","513,001",57.12
2019-05-29,"41,850","42,100","41,300","41,800","14,930,618","623,333",0.05,"1,542,426","861,355","-2,212,407","-2,086,144","-1,362,163",57.05
2019-05-28,"42,550","42,950","42,150","42,550","24,506,881","1,042,866",0.05,"624,530","3,867,735","-4,778,789","-5,376,119","-731,361",57.09
2019-05-27,"42,500","43,000","42,350","42,650","8,066,669","344,044",0.05,"400,111","939,502","-1,336,248","-1,804,627","954,844",57.17
2019-05-24,"43,800","43,800","42,400","42,700","13,966,305","599,085",0.05,"1,610,624","2,395,517","-2,030,898","-4,200,954","-1,622,668",57.19
2019-05-23,"43,900","44,000","43,250","43,850","12,259,006","536,198",0.05,"-1,422,429","-1,816,229","3,119,661","550,155","2,117,274",57.23
2019-05-22,"43,700","43,800","42,400","43,500","11,033,339","477,854",0.05,"-321,294","-1,499,052","1,949,166","2,114,611","-877,721",57.17
2019-05-21,"42,600","43,950","42,350","43,150","18,812,133","815,224",0.06,"-966,494","-1,096,752","2,005,960","1,903,011","781,365",57.14
2019-05-20,"41,650","42,100","41,550","42,000","15,752,397","659,810",0.05,"-931,674","-231,513","1,960,239","655,617","309,401",57.11
2019-05-17,"41,950","42,050","40,850","41,200","13,357,951","554,484",0.05,"1,442,817","-795,588","-884,583","-2,101,562","-925,355",57.07
2019-05-16,"42,350","42,400","41,350","41,550","13,687,828","572,150",0.05,"3,183,366","26,318","-3,770,164","-3,361,988","-1,390,563",57.09
2019-05-15,"42,700","43,050","42,550","42,550","7,670,185","327,974",0.05,"905,520","-611,398","-620,235","98,655","-106,905",57.15
2019-05-14,"41,300","43,100","41,300","42,650","11,563,730","491,110",0.05,"598,359","1,578,351","-2,160,411","-1,262,033","-1,244,645",57.16
2019-05-13,"42,500","43,200","42,350","42,650","7,635,079","326,874",0.05,"426,808","-1,078,227","-537,548","505,173","-240,663",57.2
2019-05-10,"42,600","43,450","42,450","42,900","14,579,512","624,673",0.05,"1,652,565","201,245","-2,637,085","-2,184,253","-1,261,991",57.21
2019-05-09,"43,900","44,250","42,450","42,450","23,029,718","993,612",0.04,"5,366,210","-3,556,441","-1,355,198","-2,451,662","-5,612,406",57.25
2019-05-08,"44,300","44,850","44,200","44,250","10,398,754","462,087",0.04,"1,898,053","-1,335,229","-1,332,149","-763,752","19,034",57.27
2019-05-07,"45,250","45,300","44,400","44,850","12,014,907","538,125",0.04,"1,271,085","-2,607,527","-1,940,818","1,223,922","853,433",57.3
2019-05-03,"45,900","46,050","45,300","45,300","6,562,916","298,783",0.04,"908,272","-1,733,814","1,884,674","210,157","321,655",57.33
2019-05-02,"45,500","46,150","45,400","45,900","8,625,126","395,454",0.04,"177,911","211,235","-1,101,866","-628,806","-285,054",57.3
2019-04-30,"46,000","46,300","45,350","45,850","11,121,273","509,856",0.05,"-382,544","-300,524","3,847,099","1,807,632","-388,324",57.32
2019-04-29,"45,150","46,150","45,100","46,150","8,777,517","401,124",0.05,"-1,799,658","677,291","938,891","955,968","336,228",57.25
2019-04-26,"44,200","45,000","43,800","44,850","9,739,982","434,008",0.05,"268,548","-743,255","773,795","878,835","497,179",57.24
2019-04-25,"44,250","45,000","44,100","44,650","10,868,965","485,378",0.04,"940,660","354,102","-806,914","-1,610,529","1,920,260",57.22
2019-04-24,"45,400","45,650","44,150","44,750","13,299,267","594,100",0.04,"2,626,193","-2,371,650","1,511,983","-286,706","119,857",57.24
2019-04-23,"45,050","45,500","45,000","45,200","6,920,566","313,180",0.04,"740,172","-530,724","1,510,191","-503,057","856,438",57.21
2019-04-22,"45,400","45,900","45,100","45,350","6,006,957","273,125",0.04,"94,831","-734,431","1,421,669","-244,351","-667,213",57.19
2019-04-19,"45,750","46,000","45,250","45,300","8,479,710","386,062",0.04,"1,970,828","288,155","-2,499,972","-2,793,741","-2,037,146",57.16
2019-04-18,"47,200","47,250","45,500","45,600","12,808,747","589,352",0.04,"2,198,558","196,678","-2,691,598","-2,226,689","-3,206,026",57.2
2019-04-17,"47,300","47,600","47,000","47,050","5,513,658","260,238",0.04,"-95,522","9,754","1,136,907","316,141","103,266",57.25
2019-04-16,"47,400","47,400","46,800","47,250","7,730,881","364,273",0.04,"-624,299","-1,007,523","1,881,994","180,589","835,172",57.23
2019-04-15,"47,150","47,500","47,000","47,050","8,733,019","412,633",0.04,"-1,256,534","-555,950","2,079,976","1,602,339","449,090",57.2
2019-04-12,"46,050","46,900","46,000","46,850","7,668,936","357,084",0.04,"-762,462","-1,161,347","1,795,650","1,733,221","1,290,492",57.16
2019-04-11,"46,700","46,800","46,150","46,250","13,697,399","634,752",0.04,"466,238","-2,254,821","1,866,850","1,110,961","-22,833",57.13
2019-04-10,"46,400","46,700","46,050","46,700","11,883,995","550,967",0.04,"-353,453","1,104,954","-704,230","-1,151,645","-1,254,074",57.1
2019-04-09,"46,700","46,950","46,200","46,650","6,878,761","320,647",0.04,"-514,596","-728,589","2,907,975","270,229","498,948",57.11
2019-04-08,"47,250","47,250","46,150","46,650","8,507,909","397,148",0.04,"-469,813","-1,100,553","2,120,051","902,271","428,890",57.07
2019-04-05,"46,950","47,550","46,600","46,850","8,546,339","401,644",0.04,"-1,513,017","604,594","1,835,893","1,131,753","178,818",57.03
2019-04-04,"46,150","47,100","46,150","46,950","12,650,168","591,478",0.04,"-3,463,318","1,237,927","2,764,833","1,867,888","1,201,934",57
2019-04-03,"46,750","46,750","45,800","46,600","12,436,570","576,545",0.04,"-2,744,839","1,261,509","4,292,898","864,224","1,051,554",56.95
2019-04-02,"45,550","46,100","45,350","45,750","9,480,688","433,628",0.05,"-1,219,288","-1,299,833","3,409,971","2,350,223","2,028,420",56.88
2019-04-01,"45,200","45,450","44,850","45,050","7,362,129","332,300",0.04,"-566,169","383,701","224,497","-283,374","1,000,835",56.82
2019-03-29,"44,500","44,900","44,200","44,650","11,491,713","511,624",0.04,"641,079","325,024","-643,409","176,181","1,234,517",56.82
2019-03-28,"44,950","45,200","44,300","44,850","6,821,306","306,038",0.05,"-175,314","-864,538","821,504","821,929","1,030,169",56.83
2019-03-27,"44,750","45,600","44,250","45,350","9,568,081","430,843",0.05,"-465,824","1,031,230","-1,100,124","115,244","613,470",56.82
2019-03-26,"45,500","45,700","44,900","45,250","9,729,811","440,020",0.04,"140,470","-1,332,399","709,364","348,482","1,791,117",56.84
2019-03-25,"45,300","45,650","44,800","45,500","8,699,728","394,433",0.05,"211,323","-1,029,563","978,783","293,926","-634,396",56.82
2019-03-22,"46,850","47,000","46,250","46,550","12,535,911","583,256",0.06,"-1,320,876","-1,345,620","2,887,330","2,465,346","942,503",56.81
2019-03-21,"44,600","46,250","44,050","45,850","21,138,016","966,296",0.06,"-5,128,068","880,396","5,025,803","5,367,143","5,205,481",56.76
2019-03-20,"43,800","44,200","43,100","44,050","9,846,242","429,486",0.06,"430,082","671,932","-790,749","264,941","853,878",56.68
2019-03-19,"43,750","43,900","43,550","43,900","7,609,563","333,043",0.06,"118,205","-622,476","1,195,016","1,961,788","842,531",56.69
2019-03-18,"43,950","44,150","43,450","43,700","8,188,876","357,784",0.06,"1,449,215","1,360,557","-2,594,504","-990,966","-1,709,989",56.67
2019-03-15,"43,800","44,250","43,700","44,200","16,814,163","740,350",0.06,"-289,448","3,770,225","-3,485,575","-3,777,404","1,605,443",56.71
2019-03-14,"43,700","44,300","43,550","43,850","18,039,161","789,951",0.05,"1,285,942","149,635","-738,996","-3,326,677","1,033,609",56.77
2019-03-13,"44,250","44,450","43,700","43,850","8,108,343","356,447",0.06,"1,146,344","-951,079","390,811","-519,299","466,689",56.78
2019-03-12,"44,300","44,950","44,150","44,650","11,431,977","508,997",0.05,"-1,728,664","1,578,922","2,842,412","-706,361","602,195",56.78
2019-03-11,"44,400","44,450","43,650","43,650","10,717,408","471,358",0.05,"303,488","1,050,428","-1,444,670","-1,279,537","-751,778",56.73
2019-03-08,"44,450","44,800","43,800","43,800","7,729,069","340,351",0.05,"572,103","208,038","-508,555","-729,805","354,614",56.75
2019-03-07,"43,400","44,950","43,400","44,450","11,049,749","490,122",0.05,"-129,244","120,965","1,285,450","-121,479","650,668",56.76
2019-03-06,"44,000","44,300","43,700","44,000","10,202,544","447,977",0.05,"-9,654","-764,631","451,762","-151,284","275,698",56.74
2019-03-05,"44,600","45,100","44,150","44,250","10,612,405","471,638",0.05,"960,898","146,174","-1,277,906","-2,048,954","582,724",56.73
2019-03-04,"46,000","46,100","44,800","44,850","12,926,539","585,692",0.04,"929,385","1,011,756","-2,076,396","-2,137,675","156,086",56.75
2019-02-28,"46,400","46,500","45,100","45,100","23,569,321","1,073,229",0.04,"1,842,714","110,319","-1,635,750","-2,491,252","-1,492,732",56.79
2019-02-27,"47,000","47,250","46,750","46,750","8,045,211","377,808",0.04,"-189,619","-12,701","601,212","-195,009","-428,398",56.82
2019-02-26,"47,350","47,450","46,500","46,750","7,985,547","374,675",0.05,"631,889","-1,218,213","1,031,202","37,445","1,330,811",56.81
2019-02-25,"47,400","47,550","47,050","47,350","7,484,716","354,012",0.05,"-1,315,790","-49,711","1,441,119","1,226,328","472,217",56.79
2019-02-22,"46,500","47,150","46,450","47,150","6,895,772","322,775",0.05,"-801,380","36,298","453,056","353,377","1,205,605",56.76
2019-02-21,"46,500","47,200","46,200","46,950","8,694,009","406,412",0.05,"-297,398","-1,524,872","1,683,591","1,820,421","881,549",56.76
2019-02-20,"46,750","47,100","46,500","46,900","11,506,720","538,847",0.05,"-2,449,978","-625,260","2,940,324","2,750,033","2,536,288",56.73
2019-02-19,"45,850","46,150","45,450","45,950","6,741,395","309,244",0.05,"198,210","421,849","-1,213,914","-589,486","-264,148",56.68
2019-02-18,"46,500","46,850","45,850","46,200","8,183,728","379,386",0.05,"11,919","506,965","-605,009","-226,777","463,068",56.7
2019-02-15,"46,750","46,850","45,650","46,050","10,554,643","487,928",0.05,"2,013,949","-842,805","-1,180,922","-1,177,284","-702,931",56.71
2019-02-14,"46,600","47,500","46,150","47,500","17,259,341","808,870",0.05,"-4,184,531","977,302","2,879,603","1,978,373","1,825,157",56.73
2019-02-13,"46,400","46,700","46,000","46,200","11,299,738","522,769",0.05,"-789,224","591,933","77,478","256,199","-527,904",56.68
2019-02-12,"44,650","46,250","44,650","46,050","13,184,367","604,234",0.05,"-1,554,611","-343,372","1,801,485","2,743,421","609,722",56.68
2019-02-11,"44,500","45,000","44,250","45,000","11,125,044","496,106",0.05,"-410,161","-46,886","632,058","209,877","699,916",56.65
2019-02-08,"45,700","45,700","44,650","44,800","12,689,196","571,011",0.05,"769,108","680,004","-3,151,123","-1,462,034","1,342,296",56.64
2019-02-07,"46,800","47,100","46,200","46,200","15,872,001","739,207",0.05,"-104,471","-1,253,036","1,545,295","1,774,414","2,542,611",56.69
2019-02-01,"46,650","46,950","46,250","46,350","13,832,454","644,180",0.05,"-1,739,435","-1,177,459","2,925,932","1,953,732","-922,262",56.67
2019-01-31,"46,650","47,050","46,150","46,150","21,621,145","1,007,418",0.05,"-2,179,479","-3,405,576","7,332,233","5,974,701","-107,374",56.62
2019-01-30,"44,800","46,400","44,800","46,400","17,505,980","802,320",0.05,"-3,530,947","-572,520","4,477,169","4,484,466","2,799,825",56.49
2019-01-29,"45,050","45,500","44,350","45,500","16,215,017","729,601",0.05,"-1,810,339","-2,025,661","3,820,109","4,383,826","1,376,923",56.42
2019-01-28,"45,000","45,500","44,600","45,050","17,998,914","812,166",0.07,"-3,074,159","-4,322,337","7,670,966","5,830,838","3,468,085",56.36
2019-01-25,"44,300","44,750","43,750","44,750","22,789,395","1,009,868",0.07,"-6,473,008","-1,966,229","8,799,293","9,308,836","3,838,079",56.23
2019-01-24,"43,050","43,100","42,350","43,050","14,747,623","632,002",0.07,"-2,557,925","-2,295,297","5,929,311","4,234,821","4,684,037",56.08
2019-01-23,"41,350","42,250","41,350","42,000","11,071,079","463,297",0.07,"-211,561","2,379,981","-2,161,931","-1,760,486","-376,984",55.98
2019-01-22,"42,750","42,850","41,850","42,150","9,964,356","420,047",0.07,"-391,176","44,175","600,918","710,678","1,248,427",56.02
2019-01-21,"42,700","42,750","41,900","42,750","11,355,701","482,176",0.07,"-1,724,424","80,532","1,720,895","2,151,164","69,167",56.01
2019-01-18,"42,000","42,400","41,950","42,300","11,029,256","465,779",0.07,"-1,425,635","39,044","1,271,150","1,263,736","13,228",55.98
2019-01-17,"41,700","42,100","41,450","41,950","11,736,903","491,377",0.08,"-2,231,874","-834,704","3,238,420","3,469,721","1,597,684",55.96
2019-01-16,"41,150","41,450","40,700","41,450","8,491,595","349,968",0.09,"-901,114","-478,720","1,317,496","1,060,602","994,532",55.9
2019-01-15,"40,050","41,100","39,850","41,100","11,492,756","468,238",0.09,"-2,065,409","736,080","2,031,658","1,411,920","2,070,901",55.88
2019-01-14,"40,450","40,700","39,850","40,050","11,984,996","481,959",0.09,"336,822","-2,023,616","1,551,370","1,770,305","-58,285",55.85
2019-01-11,"40,350","40,550","39,950","40,500","11,661,063","470,286",0.09,"-2,384,513","-626,837","2,721,738","2,779,232","481,477",55.82
2019-01-10,"40,000","40,150","39,600","39,800","14,731,699","587,063",0.1,"-1,056,057","-2,554,908","3,667,284","3,918,893","-346,617",55.77
2019-01-09,"38,650","39,600","38,300","39,600","17,452,708","683,004",0.1,"-2,992,379","35,641","2,877,670","1,485,426","3,597,889",55.71
2019-01-08,"38,000","39,200","37,950","38,100","12,756,554","491,578",0.11,"-124,285","1,334,263","-1,295,891","-582,840","1,216,480",55.66
2019-01-07,"38,000","38,900","37,800","38,750","12,748,997","490,833",0.11,"-1,441,889","-270,253","1,596,964","1,043,682","3,440,660",55.69
2019-01-04,"37,450","37,600","36,850","37,450","14,108,958","525,403",0.11,"539,132","895,904","1,329,061","-1,123,527","68,475",55.66
2019-01-03,"38,300","38,550","37,450","37,600","12,471,493","472,967",0.11,"1,619,698","-1,851,235","1,832,560","-375,971","1,023,500",55.64
2019-01-02,"39,400","39,400","38,550","38,750","7,847,664","304,683",0.11,"-716,580","-545,197","1,281,954","1,374,062","623,595",55.61
2018-12-28,"38,250","38,900","38,200","38,700","9,900,267","382,576",0.11,"-1,072,816","-1,650,812","2,789,526","3,237,726","674,323",55.58
2018-12-27,"38,700","38,800","38,100","38,250","10,510,643","403,521",0.11,"2,021,532","-3,775,972","1,660,604","1,481,377","1,121,677",55.54
2018-12-26,"38,400","38,750","38,300","38,350","12,707,675","488,546",0.11,"-1,897,752","1,166,026","-3,541,075","230,285","465,590",55.51
2018-12-24,"38,500","39,050","38,300","38,800","9,729,530","376,007",0.11,"-2,529,546","1,094,387","839,880","1,036,419","424,014",55.57
2018-12-21,"38,200","38,650","38,100","38,650","14,947,080","575,189",0.11,"170,688","2,993,918","-4,665,291","-1,051,793","1,133,773",55.56
2018-12-20,"38,600","39,100","38,500","38,650","11,937,617","462,010",0.11,"324,721","306,859","390,180","-300,524","-290,144",55.63
2018-12-19,"38,900","39,350","38,850","39,100","9,942,037","388,002",0.11,"-319,951","988,607","-1,753,613","-1,430,242","1,624,822",55.63
2018-12-18,"38,300","39,200","38,300","38,900","11,042,101","429,736",0.11,"-513,462","1,816,691","-2,855,217","-1,454,202","739,288",55.66
2018-12-17,"38,650","39,600","38,650","39,150","11,532,968","452,403",0.11,"-1,545,209","1,399,712","-58,073","559,649","2,232,448",55.7
2018-12-14,"40,200","40,200","38,700","38,950","19,671,783","768,559",0.11,"2,383,162","-2,268,536","-1,702,700","-172,355","-141,161",55.71
2018-12-13,"40,650","40,750","40,000","40,000","26,254,646","1,054,673",0.11,"2,183,406","-3,307,941","628,899","-851,302","-513,713",55.73
2018-12-12,"40,250","40,700","40,150","40,450","12,024,279","486,186",0.11,"859,132","626,393","-2,033,979","-1,429,492","868,702",55.72
2018-12-11,"40,600","40,700","40,200","40,250","10,638,766","429,054",0.09,"213,046","-606,101","98,649","-183,780","323,834",51.86
2018-12-10,"40,450","40,650","40,000","40,200","14,892,263","598,917",0.09,"1,817,928","941,169","-5,089,822","-2,927,591","-1,032,281",51.85
2018-12-07,"40,900","41,400","40,850","40,950","11,433,083","469,836",0.09,"143,162","-384,536","-581,731","1,143,041","-311,463",51.93
2018-12-06,"40,600","41,100","40,450","40,500","14,251,826","579,350",0.09,"4,458,973","780,991","-6,202,842","-4,606,490","-1,894,759",51.94
2018-12-05,"40,900","41,750","40,850","41,450","12,631,983","522,455",0.07,"2,833,784","1,769,825","-5,120,800","-4,905,335","-544,690",52.04
2018-12-04,"42,650","42,900","41,900","42,150","14,347,746","605,987",0.08,"3,966,773","-1,776,934","-2,998,508","-1,642,539","-1,213,779",52.12
2018-12-03,"42,750","43,400","42,400","43,250","12,110,702","521,014",0.07,"-2,322,849","-1,025,629","3,417,910","1,743,942","1,575,336",52.17
2018-11-30,"43,450","44,000","41,750","41,850","19,775,519","838,775",0.07,"3,532,824","-1,829,036","-1,853,982","-3,286,812","-1,200,637",52.11
2018-11-29,"43,850","43,850","42,900","43,150","8,473,511","367,283",0.07,"-172,068","-8,314","-135,100","186,394","319,587",52.14
2018-11-28,"42,800","43,200","42,750","43,150","6,943,099","298,451",0.07,"-332,647","717,269","-576,997","679,694","209,117",52.14
2018-11-27,"42,900","43,100","42,500","43,050","8,367,091","358,411",0.08,"-310,325","-884,591","507,131","2,455,329","296,222",52.15
2018-11-26,"42,150","42,800","42,100","42,600","6,613,009","281,293",0.07,"-416,023","2,181,935","-2,467,635","-1,391,636","-560,488",52.14
2018-11-23,"42,450","42,600","41,900","42,400","5,192,638","219,016",0.08,"262,035","-555,988","-501,298","652,790","115,950",52.18
2018-11-22,"42,000","42,650","42,000","42,450","5,970,796","253,026",0.07,"-528,151","669,522","-1,119,374","323,556","-500,670",52.19
2018-11-21,"41,800","42,300","41,800","42,100","10,769,589","452,949",0.07,"1,540,087","1,732,590","-3,078,180","-1,940,581","-1,823,878",52.21
2018-11-20,"42,450","43,000","42,100","42,800","9,420,664","402,663",0.07,"653,805","1,139,396","-2,765,355","-555,401","-217,016",52.26
2018-11-19,"44,050","44,250","43,450","43,650","7,538,720","329,485",0.07,"212,629","389,064","-1,122,703","-454,120","251,768",52.3
2018-11-16,"44,600","44,750","43,700","44,000","7,777,124","343,559",0.07,"316,356","-466,955","-518,613","1,182,060","-205,667",52.32
2018-11-15,"44,050","44,350","43,500","44,250","5,864,067","258,043",0.07,"-146,662","633,166","-633,488","462,750","-528,407",52.32
2018-11-14,"44,500","44,500","43,800","44,100","6,783,344","298,840",0.07,"83,248","395,110","-942,360","-232,767","645,593",52.33
2018-11-13,"43,900","44,500","43,400","44,500","9,311,126","410,327",0.08,"489,161","1,408,316","-2,935,658","-1,581,639","223,767",52.35
2018-11-12,"43,850","45,250","43,700","45,200","8,552,566","383,763",0.08,"-2,842,569","1,058,406","1,863,507","1,723,596","579,800",52.4
2018-11-09,"44,450","44,850","43,900","44,300","7,318,500","324,257",0.07,"-205,959","-695,425","893,010","938,888","219,749",52.37
2018-11-08,"44,900","45,050","44,050","44,050","12,617,397","562,057",0.08,"-548,186","-735,490","1,287,079","1,724,952","1,176,071",52.35
2018-11-07,"43,600","44,500","43,400","44,000","11,553,998","508,909",0.09,"-1,859,806","1,320,324","507,497","1,153,020","2,123,017",52.33
2018-11-06,"43,750","43,800","42,950","43,750","7,713,625","335,006",0.09,"89,902","-435,917","344,921","558,408","1,135,505",52.32
2018-11-05,"43,750","43,800","42,900","43,800","9,426,777","409,145",0.09,"214,624","-1,996,695","1,780,235","1,823,921","796,928",52.32
2018-11-02,"43,050","44,250","42,800","44,150","16,517,112","716,243",0.09,"-2,352,194","-978,915","3,341,737","5,578,258","3,988,553",52.29
2018-11-01,"42,450","42,950","42,150","42,150","13,423,132","570,459",0.09,"571,734","-2,058,884","1,882,751","3,166,390","948,670",52.24
2018-10-31,"42,900","43,350","41,700","42,400","17,621,480","747,033",0.09,"1,675,057","-2,462,736","563,443","400,151","2,527,757",52.21
2018-10-30,"41,400","43,000","41,000","42,350","14,205,190","604,196",0.09,"-1,359,669","2,678,505","-1,326,475","-606,856","357,257",52.2
2018-10-29,"40,850","41,950","40,550","41,400","14,460,521","597,886",0.09,"-2,507,739","4,359,252","-1,676,061","-1,755,274","1,431,470",52.22
2018-10-26,"41,100","41,300","40,400","41,000","14,413,864","589,371",0.09,"275,942","1,510,898","-1,814,537","-1,267,733","1,341,927",52.25
2018-10-25,"40,600","41,550","40,550","41,000","19,338,170","793,656",0.09,"1,350,516","5,246,328","-6,613,551","-1,322,842","-345,649",52.28
2018-10-24,"43,050","43,100","42,250","42,550","13,522,825","575,195",0.09,"-576,817","4,017,269","-3,371,333","-1,339,712","-170,292",52.38
2018-10-23,"43,300","43,450","42,550","43,050","9,531,231","410,359",0.09,"1,345,686","-155,788","-1,314,461","-1,355,269","-518,921",52.43
2018-10-22,"43,450","43,950","43,200","43,550","8,357,648","364,048",0.09,"400,057","249,017","-379,278","52,433","1,979,116",52.45
2018-10-19,"43,900","44,150","43,450","43,900","7,842,520","343,941",0.09,"690,296","577,241","-1,278,687","-456,504","-43,808",52.46
2018-10-18,"43,950","44,450","43,700","44,050","8,347,725","368,460",0.09,"-211,934","-1,360,534","1,559,598","1,330,326","1,173,696",52.48
2018-10-17,"44,150","44,500","44,000","44,150","8,306,193","367,501",0.09,"-569,877","78,141","1,009,970","197,959","-311,949",52.45
2018-10-16,"43,700","44,150","43,350","43,600","6,825,677","298,410",0.09,"568,519","-695,783","633,361","-303,952","-53,201",52.44
2018-10-15,"44,050","44,050","43,350","43,800","7,434,522","324,350",0.09,"875,313","-1,460,858","1,697,969","451,616","533,715",52.43
2018-10-12,"43,200","44,650","43,200","44,000","12,640,906","555,819",0.08,"-898,566","-583,657","1,551,616","920,714","5,247",52.4
2018-10-11,"44,000","44,650","43,100","43,100","19,324,537","844,344",0.08,"4,013,921","2,127,126","-6,111,032","-4,883,093","-3,909,848",52.38
2018-10-10,"45,250","45,500","44,500","45,300","10,341,349","467,913",0.08,"-1,139,009","805,478","517,470","675,994","-193,724",52.47
2018-10-08,"44,200","45,200","44,200","44,950","6,759,464","303,660",0.08,"-161,343","258,139","-553,506","122,827","-250,253",52.46
2018-10-05,"44,800","45,500","44,550","44,700","10,544,165","472,928",0.09,"2,022,437","417,896","-2,259,469","-1,694,408","-1,127,541",52.47
2018-10-04,"45,150","45,600","44,700","44,700","11,865,327","533,018",0.09,"3,027,882","1,339,527","-4,555,686","-4,406,920","-1,870,671",52.51
2018-10-02,"46,450","46,700","45,700","45,700","6,607,188","304,304",0.09,"580,979","-449,070","-112,520","-4,004","456,767",52.58
2018-10-01,"46,450","46,800","45,800","46,350","6,354,983","293,933",0.09,"373,221","-809,728","465,061","66,873","795,736",52.58
2018-09-28,"47,250","47,250","46,300","46,450","11,270,515","526,128",0.09,"618,885","920,407","-1,897,680","-1,749,244","300,243",52.57
2018-09-27,"46,950","47,500","46,450","47,500","15,804,586","742,801",0.09,"-718,423","-1,257,388","3,590,159","853,859","-638,748",52.6
2018-09-21,"46,550","47,550","46,550","47,400","14,476,906","682,177",0.1,"-744,514","25,911","274,897","2,621,360","-1,073,674",52.55
2018-09-20,"46,850","47,600","46,400","47,250","13,536,966","638,839",0.11,"-4,638,681","-310,031","4,725,334","3,436,583","667,402",52.54
2018-09-19,"46,000","46,200","45,700","46,150","9,367,454","430,987",0.11,"-1,824,060","-382,583","2,129,045","2,119,608","45,347",52.47
2018-09-18,"44,950","45,900","44,700","45,500","9,987,090","454,870",0.11,"-897,702","-152,329","771,131","186,243","434,636",52.44
2018-09-17,"45,550","45,800","44,900","45,150","8,123,384","367,361",0.11,"1,196,873","-1,901,413","673,527","679,593","-1,532,463",52.42
2018-09-14,"45,000","45,850","44,900","45,850","12,446,344","567,635",0.11,"-3,211,477","576,335","2,508,655","2,835,854","1,956,668",52.41
2018-09-13,"44,550","44,750","44,000","44,050","18,277,942","807,795",0.11,"4,050,036","2,873,555","-8,298,690","-4,947,073","-660,018",52.37
2018-09-12,"44,900","45,100","44,500","44,550","12,995,269","580,626",0.11,"2,245,354","1,280,568","-3,500,069","-737,895","-1,385,753",52.5
2018-09-11,"45,550","45,900","45,050","45,050","9,865,790","447,167",0.11,"423,641","-187,125","-920,398","-256,922","-735,188",52.56
2018-09-10,"45,450","45,550","45,000","45,500","9,979,838","452,310",0.09,"-239,844","-1,461,569","2,156,391","1,831,356","404,956",52.57
2018-09-07,"44,500","45,200","44,400","44,900","18,285,508","819,216",0.09,"5,939,120","1,883,941","-7,363,953","-6,602,381","-2,424,775",52.54
2018-09-06,"46,200","46,400","45,800","46,100","9,040,553","416,318",0.09,"1,026,070","259,891","-668,946","-1,722,528","-510,198",52.65
2018-09-05,"47,300","47,450","46,400","46,600","9,139,998","429,158",0.09,"1,184,413","-1,188,043","-282,410","49,904","335,305",52.66
2018-09-04,"47,550","47,800","47,200","47,650","6,791,255","323,146",0.09,"5,690","-491,897","754,847","1,071,441","387,603",52.67
2018-09-03,"48,200","48,300","47,300","47,450","8,595,084","409,460",0.09,"1,165,161","591,037","-1,846,136","-444,535","16,711",52.66
2018-08-31,"47,100","48,450","47,000","48,450","13,577,454","652,318",0.1,"-2,975,195","-247,271","2,816,696","3,002,342","5,597",52.69
2018-08-30,"46,950","47,950","46,700","47,650","12,193,231","580,259",0.1,"-3,344,490","-1,490,979","4,992,180","4,347,920","1,102,806",52.64
2018-08-29,"46,750","46,800","46,400","46,800","5,572,374","259,964",0.1,"-1,130,285","-239,143","1,375,503","1,087,463","1,114,787",52.56
2018-08-28,"46,800","46,950","46,300","46,550","7,365,976","343,323",0.11,"-648,116","-303,513","793,553","1,048,449","1,267,470",52.54
2018-08-27,"46,100","46,550","46,000","46,300","5,263,782","243,696",0.11,"-528,701","-430,297","952,108","955,668","742,698",52.53
2018-08-24,"45,900","46,400","45,550","46,150","6,582,535","302,213",0.11,"-409,314","-378,222","608,563","438,747","1,034,062",52.52
2018-08-23,"46,150","46,200","45,700","46,200","6,730,918","309,343",0.11,"-286,846","-480,485","761,310","1,020,856","415,699",52.51
2018-08-22,"45,150","46,200","44,900","46,100","11,641,656","532,916",0.11,"-2,069,958","-1,506,140","3,860,573","3,485,435","1,214,069",52.49
2018-08-21,"43,700","44,900","43,700","44,800","9,520,270","423,683",0.11,"-490,099","656,100","-628,744","-389,395","605,499",52.43
2018-08-20,"43,500","44,200","43,500","43,850","7,289,124","319,180",0.11,"1,084,679","215,106","-1,502,825","-1,544,408","147,890",52.44
2018-08-17,"44,050","44,400","44,050","44,100","6,808,747","300,778",0.11,"1,114,499","-1,510,599","424,932","-187,582","-223,664",52.47
2018-08-16,"43,800","44,650","43,700","44,250","10,088,229","445,398",0.11,"1,618,279","180,682","-1,771,462","-2,095,016","-740,747",52.46
2018-08-14,"44,850","45,400","44,850","45,150","6,409,259","289,643",0.11,"-377,735","265,249","157,848","-301,724","157,883",52.49
2018-08-13,"44,950","45,100","44,650","45,050","9,803,831","440,075",0.11,"214,234","368,891","-438,082","-2,356,638","1,688,248",52.49
2018-08-10,"46,150","46,400","44,850","45,400","16,670,643","757,074",0.11,"5,587,500","-4,204,792","-1,589,825","-1,853,961","-866,743",52.49
2018-08-09,"47,000","47,050","46,450","46,900","12,010,886","562,116",0.11,"-181,264","2,295,371","-2,271,476","-1,382,254","1,506,947",52.52
2018-08-08,"47,000","47,000","46,550","46,800","6,429,338","300,496",0.11,"-306,698","-909,721","1,249,125","228,790","1,300,832",52.55
2018-08-07,"46,300","46,750","45,900","46,700","9,058,174","421,267",0.11,"-1,226,872","-1,043,219","2,180,297","934,847","2,393,242",52.53
2018-08-06,"46,150","46,150","45,750","45,800","6,771,979","311,103",0.11,"-927,308","-781,180","1,528,985","87,229","1,568,507",52.5
2018-08-03,"45,850","45,900","45,450","45,750","8,274,944","377,640",0.11,"956,597","-954,176","-155,466","-547,905","797,745",52.48
2018-08-02,"46,550","46,800","45,500","45,550","8,560,924","393,893",0.11,"2,362,475","-2,068,770","-375,326","-390,071","-869,784",52.48
2018-08-01,"46,050","46,850","46,050","46,550","7,484,499","347,629",0.11,"-353,291","-548,766","896,563","269,210","1,381,659",52.48
2018-07-31,"46,200","46,450","46,000","46,250","8,033,607","371,442",0.11,"696,111","393,799","-1,177,172","-907,673","-67,092",52.47
2018-07-30,"46,550","46,800","46,350","46,500","5,723,035","266,138",0.11,"797,996","-979,604","334,382","-24,641","645,995",52.49
2018-07-27,"46,450","47,000","46,450","46,900","4,762,460","222,452",0.11,"-239,247","570,916","185,779","-508,661","587,548",52.48
2018-07-26,"46,100","47,000","46,000","46,900","7,374,946","344,072",0.11,"-1,283,606","305,422","974,286","1,130,996","918,306",52.48
2018-07-25,"46,250","46,550","45,900","46,150","7,222,471","333,206",0.11,"-287,451","1,527,920","-1,141,682","-710,456","504,340",52.46
2018-07-24,"46,350","46,600","45,950","46,150","8,261,363","381,832",0.11,"-328,081","1,228,055","-1,071,964","-760,599","-247,137",52.48
2018-07-23,"47,100","47,200","46,150","46,500","10,823,782","503,027",0.11,"-292,959","1,377,689","-901,638","-1,169,721","-484,301",52.5
2018-07-20,"47,000","47,600","46,700","47,450","10,474,547","493,878",0.12,"-2,222,522","1,060,173","1,187,658","944,617","-234,294",52.51
2018-07-19,"47,050","47,200","46,600","46,900","9,880,128","464,089",0.12,"-1,523,285","821,452","923,576","863,303","-817,617",52.49
2018-07-18,"46,700","47,200","46,450","46,550","10,952,645","511,712",0.12,"-1,257,603","-634,474","1,414,710","692,009","2,278,981",52.48
2018-07-17,"46,150","46,200","45,600","45,850","8,892,953","408,292",0.12,"442,234","467,924","-1,365,106","-1,319,711","-246,026",52.46
2018-07-16,"46,800","46,800","46,000","46,050","7,678,719","356,079",0.12,"1,372,886","-612,802","-723,187","-810,208","533,107",52.48
2018-07-13,"45,800","46,500","45,750","46,500","11,543,389","533,402",0.12,"-626,074","501,088","112,236","1,160,013","477,441",52.49
2018-07-12,"45,900","46,250","45,450","45,500","11,828,104","541,037",0.12,"769,909","-455,559","-577,640","46,181","-135,946",52.49
2018-07-11,"46,400","46,450","45,400","46,000","11,224,077","515,224",0.11,"478,158","-1,072,892","-220,628","75,947","-1,603,647",52.5
2018-07-10,"46,200","46,550","46,100","46,300","10,528,665","487,991",0.12,"-357,316","-566,603","1,260,679","34,392","-136,123",52.5
2018-07-09,"45,500","46,100","45,200","45,600","11,602,464","529,092",0.11,"-766,726","1,297,075","-901,168","-1,194,549","-306,314",52.48
2018-07-06,"45,500","45,850","44,650","44,900","17,843,706","803,678",0.11,"4,932,277","-247,459","-5,545,086","-3,468,940","-2,641,430",52.5
2018-07-05,"46,100","46,550","45,600","45,950","7,039,773","323,468",0.12,"736,942","541,984","-1,461,946","-911,567","-646,880",52.58
2018-07-04,"46,700","47,050","46,050","46,250","8,776,763","408,110",0.12,"-161,092","-100,029","514,860","1,322,348","-1,422,367",52.61
2018-07-03,"45,750","46,450","45,750","46,150","10,959,655","505,688",0.12,"-706,164","-47,120","830,678","2,056,950","-993,654",52.6
2018-07-02,"46,500","47,150","45,500","45,550","13,112,253","606,566",0.11,"1,513,353","-386,802","-1,985,718","1,077,389","-2,503,535",52.58
2018-06-29,"46,250","47,150","46,200","46,650","14,099,635","657,785",0.11,"874,750","-1,372,038","-565,523","557,685","-1,494,735",52.62
2018-06-28,"46,850","47,150","46,600","46,800","12,784,800","598,306",0.11,"2,341,262","764,241","-4,085,893","-1,328,092","-2,579,244",52.62
2018-06-27,"47,450","48,500","47,000","47,950","15,274,752","728,041",0.12,"-1,526,298","-486,406","2,278,463","2,450,616","-4,209",52.69
2018-06-26,"45,900","47,300","45,900","47,000","11,223,166","523,396",0.11,"-652,123","2,042,042","-402,062","-1,386,346","-432,950",52.65
2018-06-25,"47,050","47,050","46,150","46,650","10,587,711","493,006",0.11,"1,107,614","-46,631","-1,829,710","-1,417,659","-556,158",52.66
2018-06-22,"47,000","47,250","46,200","47,250","10,298,006","481,759",0.11,"920,245","-392,974","-903,714","-814,237","-496,065",52.69
2018-06-21,"47,900","47,900","47,050","47,050","10,015,541","474,358",0.11,"1,322,950","-1,251,387","100,580","151,160","-1,208,430",52.7
2018-06-20,"47,450","47,600","46,850","47,000","12,959,316","611,840",0.11,"1,054,648","224,445","-2,216,070","-1,523,803","-1,119,455",52.7
2018-06-19,"47,200","47,350","46,500","47,000","15,217,971","715,277",0.11,"-400,793","1,060,321","-993,865","-1,613,326","-801,359",52.73
2018-06-18,"47,600","47,650","46,200","46,600","16,661,870","776,902",0.11,"1,481,911","2,764,748","-3,285,777","-4,362,454","-1,554,769",52.75
2018-06-15,"48,500","48,700","47,650","47,650","17,080,892","819,653",0.11,"3,611,111","1,424,010","-5,836,461","-5,879,847","-3,933,277",52.8
2018-06-14,"49,000","49,000","48,200","48,200","20,971,729","1,015,091",0.11,"5,560,679","990,562","-6,006,735","-6,896,701","-1,639,134",52.89
2018-06-12,"49,700","49,800","49,250","49,400","12,110,569","598,929",0.11,"2,198,271","-606,408","-1,393,182","-2,648,047","-108,693",52.99
2018-06-11,"49,750","50,300","49,350","49,900","10,571,312","526,740",0.11,"875,722","706,218","-2,063,376","-1,475,526","798,615",53.01
2018-06-08,"50,200","50,400","49,600","49,650","16,951,706","845,303",0.11,"7,356,977","-5,642,790","-2,042,304","-912,293","-757,713",53.04
2018-06-07,"51,800","51,800","50,500","50,600","13,590,016","692,916",0.11,"1,695,867","-913,940","-1,109,373","-837,033","1,246,771",53.07
2018-06-05,"51,100","51,400","50,400","51,300","9,144,100","465,525",0.11,"-127,044","-962,124","1,126,442","208,432","1,173,108",53.09
2018-06-04,"50,800","51,200","50,700","51,100","9,767,171","498,094",0.11,"-616,998","-439,052","1,042,664","655,277","2,203,320",53.07
2018-06-01,"50,500","51,700","49,950","51,300","13,038,499","665,063",0.11,"-1,778,717","-540,644","1,508,213","2,817,147","1,911,722",53.05
2018-05-31,"50,400","50,800","49,850","50,700","63,491,109","3,160,206",0.1,"406,455","-23,615,581","22,741,665","-5,952,862","2,170,673",53.03
2018-05-30,"51,300","51,500","49,100","49,500","20,498,098","1,026,413",0.1,"8,279,229","-3,692,779","-4,930,650","-4,404,629","-3,447,819",52.68
2018-05-29,"52,200","52,500","51,300","51,300","8,480,437","437,715",0.1,"1,511,572","-1,278,312","-427,571","-448,223","-1,075,647",52.75
2018-05-28,"52,500","53,000","52,000","52,300","9,787,820","513,194",0.11,"-391,647","310,922","278,107","830,631","318,269",52.76
2018-05-25,"51,000","52,800","50,800","52,700","15,207,266","795,151",0.11,"-4,850,610","743,664","4,290,201","3,501,833","2,423,102",52.76
2018-05-24,"52,000","52,000","51,100","51,400","8,289,275","426,264",0.12,"610,552","-1,620,133","-748,526","102,753","-450,588",52.69
2018-05-23,"50,600","52,000","50,400","51,800","17,095,490","878,627",0.12,"-1,694,629","532,182","642,139","843,548","-721,654",52.7
2018-05-21,"49,650","50,200","49,100","50,000","9,020,998","449,245",0.12,"-702,126","356,815","-189,515","-704,624","-598,474",52.69
2018-05-18,"49,900","49,900","49,350","49,500","6,706,570","332,487",0.12,"422,922","112,622","-718,394","-622,563","-1,030,440",52.69
2018-05-17,"50,300","50,500","49,400","49,400","10,365,440","515,599",0.12,"1,566,167","751,607","-2,277,355","-2,040,911","-1,138,711",52.7
2018-05-16,"49,200","50,200","49,150","49,850","15,918,683","792,346",0.11,"-1,359,291","1,329,444","1,418,447","326,775","1,395,579",52.74
2018-05-15,"50,200","50,400","49,100","49,200","18,709,146","925,775",0.11,"3,030,319","-1,856,711","-1,129,726","-2,078,382","508,595",52.72
2018-05-14,"51,000","51,100","49,900","50,100","14,909,272","749,532",0.11,"3,101,133","-990,390","-2,301,459","-2,560,909","-32,588",52.74
2018-05-11,"52,000","52,200","51,200","51,300","10,314,997","533,765",0.11,"-45,114","-495,810","213,378","-689,886","847,176",52.77
2018-05-10,"51,700","51,700","50,600","51,600","13,905,263","712,206",0.11,"454,294","224,160","-1,013,639","-864,212","-721,609",52.77
2018-05-09,"52,600","52,800","50,900","50,900","16,128,305","831,372",0.12,"3,312,625","-1,198,028","-1,598,061","-2,091,271","-663,462",52.78
2018-05-08,"52,600","53,200","51,900","52,600","23,104,720","1,218,273",0.13,"-957,475","-1,049,663","1,451,667","2,726,501","-1,441,124",52.81
2018-05-04,"53,000","53,900","51,800","51,900","39,565,391","2,078,018",0.13,"12,462,154","-11,260,560","-1,223,630","-1,144,917","42,607",52.79
